{
    "bart_ef": {
        "bart-base": {
            "precision": [
                26.42,
                0.61
            ],
            "recall": [
                48.83,
                2.38
            ],
            "f1": [
                33.26,
                0.96
            ],
            "BLEURT": [
                0.5526116153597832,
                0.0031031989254694105
            ],
            "BLEU": [
                45.750068498712366,
                0.8446304043413135
            ],
            "METEOR": [
                47.82269593463433,
                0.6434833394168544
            ],
            "rouge1": 0.0,
            "rouge2": 0.0,
            "rougeL": 0.0
        },
        "bart-large": {
            "precision": [
                27.33,
                0.6
            ],
            "recall": [
                46.64,
                0.82
            ],
            "f1": [
                33.27,
                0.6
            ],
            "BLEURT": [
                0.512464563548565,
                0.016717213762879005
            ],
            "BLEU": [
                46.97858229159241,
                0.733973019180976
            ],
            "METEOR": [
                45.722011540832966,
                1.5045865076776075
            ],
            "rouge1": 0.0,
            "rouge2": 0.0,
            "rougeL": 0.0
        }
    },
    "bart_baseline": {
        "bart-base": {
            "precision": [
                25.71,
                0.78
            ],
            "recall": [
                49.26,
                1.31
            ],
            "f1": [
                32.79,
                0.86
            ],
            "BLEURT": [
                0.5471098693609238,
                0.001625567679513251
            ],
            "BLEU": [
                44.82653964203196,
                1.0309883039418477
            ],
            "METEOR": [
                47.82754921285556,
                0.22496614698894785
            ],
            "rouge1": 0.0,
            "rouge2": 0.0,
            "rougeL": 0.0
        },
        "bart-large": {
            "precision": [
                26.07,
                1.15
            ],
            "recall": [
                46.74,
                4.43
            ],
            "f1": [
                32.29,
                2.12
            ],
            "BLEURT": [
                0.5129066711664201,
                0.017575543954770283
            ],
            "BLEU": [
                45.671373721083555,
                1.9613445814378598
            ],
            "METEOR": [
                46.413390102055864,
                1.437229697131511
            ],
            "rouge1": 0.0,
            "rouge2": 0.0,
            "rougeL": 0.0
        }
    },
    "t5_baseline": {
        "t5-small": {
            "precision": [
                26.71,
                0.75
            ],
            "recall": [
                43.91,
                2.67
            ],
            "f1": [
                32.12,
                1.16
            ],
            "BLEURT": [
                0.5552313034534454,
                0.002229061126742772
            ],
            "BLEU": [
                37.83499039382401,
                2.253918433385382
            ],
            "METEOR": [
                39.46466698502225,
                1.8281218531152932
            ],
            "rouge1": 0.0,
            "rouge2": 0.0,
            "rougeL": 0.0
        },
        "t5-base": {
            "precision": [
                25.18,
                0.46
            ],
            "recall": [
                44.04,
                1.2
            ],
            "f1": [
                30.99,
                0.7
            ],
            "BLEURT": [
                0.5409001551866531,
                0.0025599772400226525
            ],
            "BLEU": [
                46.305576394625874,
                0.8777380949265802
            ],
            "METEOR": [
                47.451796627600594,
                0.34929961710990803
            ],
            "rouge1": 0.0,
            "rouge2": 0.0,
            "rougeL": 0.0
        },
        "t5-large": {
            "precision": [
                24.91,
                0.3
            ],
            "recall": [
                45.34,
                1.75
            ],
            "f1": [
                31.08,
                0.63
            ],
            "BLEURT": [
                0.5452851737737656,
                0.002012309033208288
            ],
            "BLEU": [
                45.70102176274635,
                0.7274025460145243
            ],
            "METEOR": [
                47.11421681503355,
                0.3117817290674815
            ],
            "rouge1": 0.0,
            "rouge2": 0.0,
            "rougeL": 0.0
        }
    },
    "t5_ef": {
        "t5-small": {
            "precision": [
                27.7,
                0.49
            ],
            "recall": [
                47.73,
                1.24
            ],
            "f1": [
                34.04,
                0.65
            ],
            "BLEURT": [
                0.5615042797327041,
                0.004000629330477732
            ],
            "BLEU": [
                40.57733052202082,
                1.9501090488018744
            ],
            "METEOR": [
                43.40056952532363,
                1.0529764126334569
            ],
            "rouge1": 0.0,
            "rouge2": 0.0,
            "rougeL": 0.0
        },
        "t5-base": {
            "precision": [
                25.12,
                0.45
            ],
            "recall": [
                45.73,
                1.41
            ],
            "f1": [
                31.33,
                0.67
            ],
            "BLEURT": [
                0.5446521639823914,
                0.0018522217350448538
            ],
            "BLEU": [
                45.457930430656,
                0.6139407897458548
            ],
            "METEOR": [
                47.75205184684225,
                0.3986436050269333
            ],
            "rouge1": 0.0,
            "rouge2": 0.0,
            "rougeL": 0.0
        },
        "t5-large": {
            "precision": [
                25.35,
                0.43
            ],
            "recall": [
                45.65,
                1.54
            ],
            "f1": [
                31.58,
                0.73
            ],
            "BLEURT": [
                0.5462669489383698,
                0.004207231148533692
            ],
            "BLEU": [
                46.0307056496799,
                0.7534161732055877
            ],
            "METEOR": [
                47.52666464749858,
                0.41386084402987544
            ],
            "rouge1": 0.0,
            "rouge2": 0.0,
            "rougeL": 0.0
        }
    }
}