{"bart_ef": {"bart-base": {"precision": [24.51, 2.43], "recall": [41.47, 4.63], "f1": [29.71, 3.1], "BLEURT": [0.5512959650754928, 0.006054883016527606], "BLEU": [28.793534236908705, 2.8426116468222418], "METEOR": [35.58880863585654, 0.9330228720668625], "rouge1": 0.0, "rouge2": 0.0, "rougeL": 0.0}, "bart-large": {"precision": [28.34, 0.86], "recall": [49.21, 2.7], "f1": [34.68, 1.1], "BLEURT": [0.5610004888772965, 0.00914050735938399], "BLEU": [30.13047502126391, 1.8016901182096652], "METEOR": [38.150502479022705, 1.9273077232539257], "rouge1": 0.0, "rouge2": 0.0, "rougeL": 0.0}}, "bart_baseline": {"bart-base": {"precision": [25.92, 1.97], "recall": [43.83, 3.5300000000000002], "f1": [31.46, 2.33], "BLEURT": [0.5629990091323853, 0.004206631528450836], "BLEU": [26.90607620475918, 3.76162928501319], "METEOR": [34.89522600463487, 1.3419776093706868], "rouge1": 0.0, "rouge2": 0.0, "rougeL": 0.0}, "bart-large": {"precision": [28.42, 2.96], "recall": [42.78, 3.43], "f1": [32.9, 2.39], "BLEURT": [0.5440206003189086, 0.01535688536045562], "BLEU": [28.029167198308933, 2.647772235131361], "METEOR": [35.54751467388564, 2.852520802408359], "rouge1": 0.0, "rouge2": 0.0, "rougeL": 0.0}}, "t5_baseline": {"t5-small": {"precision": [26.69, 0.39], "recall": [38.71, 0.85], "f1": [30.7, 0.51], "BLEURT": [0.5311536395549774, 0.0034454753337142454], "BLEU": [25.998947363428407, 0.8106060393800743], "METEOR": [32.64071527069973, 0.660305469492263], "rouge1": 0.0, "rouge2": 0.0, "rougeL": 0.0}, "t5-base": {"precision": [27.22, 0.79], "recall": [41.04, 1.54], "f1": [31.7, 0.8], "BLEURT": [0.555059579372406, 0.004685611552407097], "BLEU": [32.83184395954547, 1.7008858636473794], "METEOR": [35.81356419546543, 1.3561966020734293], "rouge1": 0.0, "rouge2": 0.0, "rougeL": 0.0}, "t5-large": {"precision": [27.36, 1.8], "recall": [44.45, 2.64], "f1": [32.73, 2.01], "BLEURT": [0.5567315059900284, 0.005095632684958185], "BLEU": [35.11084540758016, 2.9334710762498752], "METEOR": [38.37577860192663, 1.6905630963744236], "rouge1": 0.0, "rouge2": 0.0, "rougeL": 0.0}}, "t5_ef": {"t5-small": {"precision": [25.99, 1.13], "recall": [36.25, 1.55], "f1": [29.39, 1.24], "BLEURT": [0.5368909187316895, 0.007151291360962524], "BLEU": [26.69034107927727, 1.1207513506357025], "METEOR": [33.34220004153473, 1.1437079503532124], "rouge1": 0.0, "rouge2": 0.0, "rougeL": 0.0}, "t5-base": {"precision": [25.7, 1.7], "recall": [39.86, 2.31], "f1": [30.36, 1.8], "BLEURT": [0.5510417898893356, 0.003573576358621384], "BLEU": [32.59092378296648, 3.61196096356305], "METEOR": [36.802118776039435, 1.5332478270043768], "rouge1": 0.0, "rouge2": 0.0, "rougeL": 0.0}, "t5-large": {"precision": [27.48, 1.92], "recall": [43.73, 4.02], "f1": [32.58, 2.61], "BLEURT": [0.558366824388504, 0.010438034026961503], "BLEU": [27.598169759557017, 4.319334902137593], "METEOR": [34.343867071218234, 2.4499965772215244], "rouge1": 0.0, "rouge2": 0.0, "rougeL": 0.0}}}