{
    "bart_baseline": {
        "bart-base": {
            "precision": 25.71,
            "recall": 49.26,
            "f1": 32.79,
            "BLEURT": 0.5471098693609238,
            "BLEU": 44.82653964203196,
            "METEOR": 47.82754921285556,
            "rouge1": 84.58404725577829,
            "rouge2": 58.19139514803832,
            "rougeL": 29.790561778986614
        },
        "bart-large": {
            "precision": 26.07,
            "recall": 46.74,
            "f1": 32.29,
            "BLEURT": 0.5129066711664201,
            "BLEU": 45.671373721083555,
            "METEOR": 46.413390102055864,
            "rouge1": 85.19602392209282,
            "rouge2": 58.89666180640478,
            "rougeL": 29.12470723798412
        }
    },
    "bart_ef": {
        "bart-base": {
            "precision": 26.42,
            "recall": 48.83,
            "f1": 33.26,
            "BLEURT": 0.5526116153597832,
            "BLEU": 45.750068498712366,
            "METEOR": 47.82269593463433,
            "rouge1": 84.52439522091302,
            "rouge2": 59.273807072685926,
            "rougeL": 30.407036247518057
        },
        "bart-large": {
            "precision": 27.33,
            "recall": 46.64,
            "f1": 33.27,
            "BLEURT": 0.512464563548565,
            "BLEU": 46.97858229159241,
            "METEOR": 45.722011540832966,
            "rouge1": 85.210673549098,
            "rouge2": 58.38670351473212,
            "rougeL": 29.56711238083501
        }
    },
    "t5_baseline": {
        "t5-small": {
            "precision": 26.71,
            "recall": 43.91,
            "f1": 32.12,
            "BLEURT": 0.5552313034534454,
            "BLEU": 37.83499039382401,
            "METEOR": 39.46466698502225,
            "rouge1": 75.4956327760751,
            "rouge2": 46.2877683219681,
            "rougeL": 31.874865817626947
        },
        "t5-base": {
            "precision": 25.18,
            "recall": 44.04,
            "f1": 30.99,
            "BLEURT": 0.5409001551866531,
            "BLEU": 46.305576394625874,
            "METEOR": 47.451796627600594,
            "rouge1": 85.13247902208256,
            "rouge2": 60.02580878695297,
            "rougeL": 29.570000876829624
        },
        "t5-large": {
            "precision": 24.91,
            "recall": 45.34,
            "f1": 31.08,
            "BLEURT": 0.5452851737737656,
            "BLEU": 45.70102176274635,
            "METEOR": 47.11421681503355,
            "rouge1": 84.29726927765043,
            "rouge2": 59.90159613298905,
            "rougeL": 29.371620648487294
        }
    },
    "t5_ef": {
        "t5-small": {
            "precision": 27.7,
            "recall": 47.73,
            "f1": 34.04,
            "BLEURT": 0.5615042797327041,
            "BLEU": 40.57733052202082,
            "METEOR": 43.40056952532363,
            "rouge1": 78.9823504404105,
            "rouge2": 48.345355221414664,
            "rougeL": 31.974881006439226
        },
        "t5-base": {
            "precision": 25.12,
            "recall": 45.73,
            "f1": 31.33,
            "BLEURT": 0.5446521639823914,
            "BLEU": 45.457930430656,
            "METEOR": 47.75205184684225,
            "rouge1": 84.57118976500631,
            "rouge2": 59.99163340146011,
            "rougeL": 29.78163320034269
        },
        "t5-large": {
            "precision": 25.35,
            "recall": 45.65,
            "f1": 31.58,
            "BLEURT": 0.5462669489383698,
            "BLEU": 46.0307056496799,
            "METEOR": 47.52666464749858,
            "rouge1": 84.56409068706321,
            "rouge2": 59.817366028408195,
            "rougeL": 29.86431069727356
        }
    }
}